{"cameraMode":{"drawMode":0,"name":"Shaded","section":"Shading Mode"},"sceneLighting":true,"audioPlay":false,"sceneViewState":{"m_AlwaysRefresh":false,"showFog":true,"showSkybox":false,"showFlares":true,"showImageEffects":true,"showParticleSystems":true,"showVisualEffectGraphs":true,"m_FxEnabled":true},"in2DMode":false,"pivot":{"x":1665.2332763671875,"y":451.7291564941406,"z":362.8372802734375},"rotation":{"x":-0.09018734842538834,"y":0.0005953494110144675,"z":-0.00005323037476046011,"w":-0.9959275722503662},"size":1040.9384765625,"orthographic":false}